Metric,Value,Notes
Canonical DK +WA,+112,Apple +100 plus ONE +12 source
Allowed +12 source,Rage OR Dragon Blood,They do not stack with each other
Dragon Blood current WA,+12,Update #97
PSB,144/21,Perfect +7 branch
Total clean WA,217.0,End DK package with PSB
Full-buff WA,342.16,1.04 × (217+112)
Fury 3T,32.125692020647676,
Fury 4T,42.83425602753024,
Fury 5T,53.5428200344128,Crossover vs Crusher
Fury 6T,64.25138404129535,
Canonical Crusher 3T+,50.68646150399999,3-target cap
6T Fury advantage,0.267624176847004,
