WDEF,Targets,Class,DPM_m,Change_vs_WDEF0,Rank,WDEF0_DPM_m
0,1,Night Lord,20.251616112,0.0,2,20.251616112
0,1,Corsair,24.79577296395264,0.0,1,24.79577296395264
0,1,Shadower,17.98718104391346,0.0,4,17.98718104391346
0,1,Bowmaster,18.371504733,0.0,3,18.371504733
0,1,Dark Knight,16.895487168,0.0,7,16.895487168
0,1,Hero,16.714968086232,0.0,8,16.714968086232
0,1,Buccaneer,15.781694073995602,0.00010735576651477174,9,15.78
0,1,Marksman,17.79599889344381,-1.605493515910439e-11,5,17.79599889372952
0,1,Paladin,17.449438945022887,0.0,6,17.449438945022887
0,3,Night Lord,20.251616112,0.0,8,20.251616112
0,3,Corsair,27.60152906928768,0.0,6,27.60152906928768
0,3,Shadower,33.95618363973689,0.0,4,33.95618363973689
0,3,Bowmaster,18.849550983000004,2.220446049250313e-16,9,18.849550983
0,3,Dark Knight,50.68646150399999,-1.1102230246251565e-16,1,50.686461504
0,3,Hero,50.144904258695995,-1.9984014443252818e-14,2,50.144904258697
0,3,Buccaneer,24.13058814022344,2.4373817796963237e-05,7,24.13
0,3,Marksman,27.848839429923764,-3.07817105138497e-11,5,27.848839430781
0,3,Paladin,36.55314876085711,-2.220446049250313e-16,3,36.55314876085712
0,6,Night Lord,35.14610954649403,0.0,8,35.14610954649403
0,6,Corsair,53.59535216086272,0.0,3,53.59535216086272
0,6,Shadower,49.177921133412056,0.0,6,49.177921133412056
0,6,Bowmaster,28.342392309,0.0,9,28.342392309
0,6,Dark Knight,50.68646150399999,-1.1102230246251565e-16,4,50.686461504
0,6,Hero,50.144904258695995,-1.9984014443252818e-14,5,50.144904258697
0,6,Buccaneer,45.6246437791998,0.0001017926172688366,7,45.62
0,6,Marksman,74.93259733745604,-2.0604518091715818e-11,1,74.932597339
0,6,Paladin,73.10629752171423,-2.220446049250313e-16,2,73.10629752171424
500,1,Night Lord,19.872941112,-0.01869850770949677,2,20.251616112
500,1,Corsair,24.26645296395264,-0.021347186908410087,1,24.79577296395264
500,1,Shadower,17.64188574085967,-0.01919674362596302,4,17.98718104391346
500,1,Bowmaster,18.029817233,-0.01859877592858461,3,18.371504733
500,1,Dark Knight,16.65037050133333,-0.014507818817495743,7,16.895487168
500,1,Hero,16.445206181470095,-0.016138942256438082,8,16.714968086232
500,1,Buccaneer,15.650915868365326,-0.00818023647874988,9,15.78
500,1,Marksman,17.537728060110474,-0.01451285961307014,5,17.79599889372952
500,1,Paladin,17.36285857793107,-0.004961785153356546,6,17.449438945022887
500,3,Night Lord,19.872941112,-0.01869850770949677,8,20.251616112
500,3,Corsair,27.01231406928768,-0.021347186908410087,6,27.60152906928768
500,3,Shadower,33.30433548788874,-0.01919674362596302,4,33.95618363973689
500,3,Bowmaster,18.462488483,-0.020534308766775533,9,18.849550983
500,3,Dark Knight,49.951111503999996,-0.014507818817495743,1,50.686461504
500,3,Hero,49.33561854441028,-0.016138942256457844,2,50.144904258697
500,3,Buccaneer,23.70885382868816,-0.01745321886911888,7,24.13
500,3,Marksman,27.37726630768235,-0.01693331329913239,5,27.848839430781
500,3,Paladin,36.25149480647583,-0.008252475220529076,3,36.55314876085712
500,6,Night Lord,34.30696668935122,-0.023875839117633357,8,35.14610954649403
500,6,Corsair,52.45124216086272,-0.021347186908410087,3,53.59535216086272
500,6,Shadower,48.23386518935611,-0.01919674362596313,6,49.177921133412056
500,6,Bowmaster,27.76984230899164,-0.020201188162459638,9,28.342392309
500,6,Dark Knight,49.951111503999996,-0.014507818817495743,4,50.686461504
500,6,Hero,49.33561854441028,-0.016138942256457844,5,50.144904258697
500,6,Buccaneer,44.81926126951246,-0.01755236147495698,7,45.62
500,6,Marksman,73.74107035998145,-0.015901316934577858,1,74.932597339
500,6,Paladin,72.50298961295167,-0.008252475220529076,2,73.10629752171424
1000,1,Night Lord,19.494266112000002,-0.03739701541899343,2,20.251616112
1000,1,Corsair,23.73713296395264,-0.042694373816820286,1,24.79577296395264
1000,1,Shadower,17.29659043780588,-0.03839348725192626,4,17.98718104391346
1000,1,Bowmaster,17.688129733,-0.03719755185716922,3,18.371504733
1000,1,Dark Knight,16.405253834666667,-0.029015637634991265,7,16.895487168
1000,1,Hero,16.175444276708188,-0.03227788451287639,8,16.714968086232
1000,1,Buccaneer,15.518276475889078,-0.016585774658486763,9,15.78
1000,1,Marksman,17.279457226777144,-0.02902571921008512,5,17.79599889372952
1000,1,Paladin,17.274061660510096,-0.010050597332403877,6,17.449438945022887
1000,3,Night Lord,19.494266112000002,-0.03739701541899343,8,20.251616112
1000,3,Corsair,26.42309906928768,-0.042694373816820286,6,27.60152906928768
1000,3,Shadower,32.652487336040586,-0.03839348725192626,4,33.95618363973689
1000,3,Bowmaster,18.075425983000002,-0.041068617533551066,9,18.849550983
1000,3,Dark Knight,49.21576150399999,-0.029015637634991487,1,50.686461504
1000,3,Hero,48.526332830124566,-0.032277884512895594,2,50.144904258697
1000,3,Buccaneer,23.285463867143562,-0.03499942531522737,7,24.13
1000,3,Marksman,26.887967204530568,-0.03450313355566226,5,27.848839430781
1000,3,Paladin,35.94910521185612,-0.016525075663189837,3,36.55314876085712
1000,6,Night Lord,33.46782383220841,-0.047751678235266826,8,35.14610954649403
1000,6,Corsair,51.307132160862714,-0.042694373816820286,3,53.59535216086272
1000,6,Shadower,47.28980924530017,-0.03839348725192615,6,49.177921133412056
1000,6,Bowmaster,27.197292308983283,-0.04040237632491939,9,28.342392309
1000,6,Dark Knight,49.21576150399999,-0.029015637634991487,4,50.686461504
1000,6,Hero,48.526332830124566,-0.032277884512895594,5,50.144904258697
1000,6,Buccaneer,44.011150702795085,-0.03526631515135714,7,45.62
1000,6,Marksman,72.50118690658338,-0.03244796682299367,1,74.932597339
1000,6,Paladin,71.89821042371224,-0.016525075663189837,2,73.10629752171424
1500,1,Night Lord,19.115591112,-0.0560955231284902,2,20.251616112
1500,1,Corsair,23.20781296395264,-0.06404156072523037,1,24.79577296395264
1500,1,Shadower,16.95129513475209,-0.05759023087788928,6,17.98718104391346
1500,1,Bowmaster,17.346442232999998,-0.05579632778575405,3,18.371504733
1500,1,Dark Knight,16.160137168,-0.04352345645248701,7,16.895487168
1500,1,Hero,15.905682371946284,-0.04841682676931447,8,16.714968086232
1500,1,Buccaneer,15.383673283682374,-0.02511576149034389,9,15.78
1500,1,Marksman,17.02118639344381,-0.043538578807100325,5,17.79599889372952
1500,1,Paladin,17.18306534459723,-0.01526545359222764,4,17.449438945022887
1500,3,Night Lord,19.115591112,-0.0560955231284902,8,20.251616112
1500,3,Corsair,25.833884069287677,-0.06404156072523048,6,27.60152906928768
1500,3,Shadower,32.00063918419244,-0.05759023087788928,4,33.95618363973689
1500,3,Bowmaster,17.688363483000003,-0.0616029263003266,9,18.849550983
1500,3,Dark Knight,48.480411503999996,-0.04352345645248701,1,50.686461504
1500,3,Hero,47.71704711583885,-0.048416826769333454,2,50.144904258697
1500,3,Buccaneer,22.860712198688976,-0.05260206387530142,7,24.13
1500,3,Marksman,26.398626704530564,-0.0520744402959763,5,27.848839430781
1500,3,Paladin,35.64598566943885,-0.024817645597462246,3,36.55314876085712
1500,6,Night Lord,32.6286809750656,-0.07162751735290018,8,35.14610954649403
1500,6,Corsair,50.16302216086272,-0.06404156072523048,3,53.59535216086272
1500,6,Shadower,46.34575330124422,-0.05759023087788928,6,49.177921133412056
1500,6,Bowmaster,26.624742308974923,-0.060603564487379025,9,28.342392309
1500,6,Dark Knight,48.480411503999996,-0.04352345645248701,4,50.686461504
1500,6,Hero,47.71704711583885,-0.048416826769333454,5,50.144904258697
1500,6,Buccaneer,43.20093884482533,-0.05302632957419262,7,45.62
1500,6,Marksman,71.26119052258338,-0.048996123807198866,2,74.932597339
1500,6,Paladin,71.2919713388777,-0.024817645597462246,1,73.10629752171424
2000,1,Night Lord,18.736916112,-0.07479403083798697,2,20.251616112
2000,1,Corsair,22.67849296395264,-0.08538874763364057,1,24.79577296395264
2000,1,Shadower,16.6059998316983,-0.07678697450385241,6,17.98718104391346
2000,1,Bowmaster,17.004754733,-0.07439510371433877,4,18.371504733
2000,1,Dark Knight,15.915020501333332,-0.05803127526998264,7,16.895487168
2000,1,Hero,15.635920467184379,-0.06455576902575266,8,16.714968086232
2000,1,Buccaneer,15.247175854636946,-0.03376578867953439,9,15.78
2000,1,Marksman,16.76291556011048,-0.05805143840411531,5,17.79599889372952
2000,1,Paladin,17.089886605522025,-0.02060538110329424,3,17.449438945022887
2000,3,Night Lord,18.736916112,-0.07479403083798697,8,20.251616112
2000,3,Corsair,25.244669069287678,-0.08538874763364057,6,27.60152906928768
2000,3,Shadower,31.348791032344284,-0.07678697450385241,4,33.95618363973689
2000,3,Bowmaster,17.301300983000004,-0.08213723506710202,9,18.849550983
2000,3,Dark Knight,47.74506150399999,-0.05803127526998275,1,50.686461504
2000,3,Hero,46.90776140155314,-0.06455576902577131,2,50.144904258697
2000,3,Buccaneer,22.435322285320694,-0.07023115270117297,7,24.13
2000,3,Marksman,25.909286204530563,-0.06964574703629012,5,27.848839430781
2000,3,Paladin,35.34214181308458,-0.03313003089543254,3,36.55314876085712
2000,6,Night Lord,31.789538117922792,-0.09550335647053354,8,35.14610954649403
2000,6,Corsair,49.01891216086272,-0.08538874763364057,3,53.59535216086272
2000,6,Shadower,45.40169735718828,-0.0767869745038523,6,49.177921133412056
2000,6,Bowmaster,26.05219230896656,-0.08080475264983888,9,28.342392309
2000,6,Dark Knight,47.74506150399999,-0.05803127526998275,4,50.686461504
2000,6,Hero,46.90776140155314,-0.06455576902577131,5,50.144904258697
2000,6,Buccaneer,42.39006236766488,-0.07080091258954657,7,45.62
2000,6,Marksman,70.02119413858338,-0.06554428079140384,2,74.932597339
2000,6,Paladin,70.68428362616916,-0.03313003089543254,1,73.10629752171424
2500,1,Night Lord,18.358241112,-0.09349253854748352,2,20.251616112
2500,1,Corsair,22.14917296395264,-0.10673593454205066,1,24.79577296395264
2500,1,Shadower,16.26070452864451,-0.09598371812981543,6,17.98718104391346
2500,1,Bowmaster,16.663067232999996,-0.0929938796429236,4,18.371504733
2500,1,Dark Knight,15.669903834666666,-0.07253909408747816,7,16.895487168
2500,1,Hero,15.366158562422475,-0.08069471128219075,8,16.714968086232
2500,1,Buccaneer,15.10881660995184,-0.04253380165070719,9,15.78
2500,1,Marksman,16.504644726777144,-0.07256429800113051,5,17.79599889372952
2500,1,Paladin,16.994542244371036,-0.0260694170216631,3,17.449438945022887
2500,3,Night Lord,18.358241112,-0.09349253854748352,8,20.251616112
2500,3,Corsair,24.65545406928768,-0.10673593454205077,6,27.60152906928768
2500,3,Shadower,30.69694288049613,-0.09598371812981554,4,33.95618363973689
2500,3,Bowmaster,16.914238483000002,-0.10267154383387778,9,18.849550983
2500,3,Dark Knight,47.009711503999995,-0.07253909408747838,1,50.686461504
2500,3,Hero,46.098475687267424,-0.08069471128220917,2,50.144904258697
2500,3,Buccaneer,22.009330529222385,-0.08788518320669758,7,24.13
2500,3,Marksman,25.419945704530566,-0.08721705377660383,5,27.848839430781
2500,3,Paladin,35.0375792188252,-0.041462079011230446,3,36.55314876085712
2500,6,Night Lord,30.95039526077998,-0.1193791955881669,8,35.14610954649403
2500,6,Corsair,47.874802160862714,-0.10673593454205077,3,53.59535216086272
2500,6,Shadower,44.457641413132336,-0.09598371812981554,6,49.177921133412056
2500,6,Bowmaster,25.4796423089582,-0.10100594081229852,9,28.342392309
2500,6,Dark Knight,47.009711503999995,-0.07253909408747838,4,50.686461504
2500,6,Hero,46.098475687267424,-0.08069471128220917,5,50.144904258697
2500,6,Buccaneer,41.5785840477744,-0.08858868812419107,7,45.62
2500,6,Marksman,68.78119775458337,-0.08209243777560904,2,74.932597339
2500,6,Paladin,70.0751584376504,-0.041462079011230446,1,73.10629752171424
3200,1,Night Lord,17.828096112,-0.11967044934077897,2,20.251616112
3200,1,Corsair,21.408124963952638,-0.13662199621382498,1,24.79577296395264
3200,1,Shadower,15.777291104369203,-0.12285915920616386,6,17.98718104391346
3200,1,Bowmaster,16.184704732999997,-0.11903216594294208,4,18.371504733
3200,1,Dark Knight,15.326740501333333,-0.09285004043197209,7,16.895487168
3200,1,Hero,14.988491895755807,-0.1032892304412042,8,16.714968086232
3200,1,Buccaneer,14.912043473232146,-0.05500358217793755,9,15.78
3200,1,Marksman,16.143065560110475,-0.09288230143695175,5,17.79599889372952
3200,1,Paladin,16.857453523045383,-0.03392575680184584,3,17.449438945022887
3200,3,Night Lord,17.828096112,-0.11967044934077897,8,20.251616112
3200,3,Corsair,23.830553069287678,-0.13662199621382498,6,27.60152906928768
3200,3,Shadower,29.78435546790872,-0.12285915920616386,4,33.95618363973689
3200,3,Bowmaster,16.372350983000004,-0.13141957610736343,9,18.849550983
3200,3,Dark Knight,45.98022150399999,-0.09285004043197231,1,50.686461504
3200,3,Hero,44.96547568726742,-0.10328923044122218,2,50.144904258697
3200,3,Buccaneer,21.41194961257238,-0.11264195555025369,7,24.13
3200,3,Marksman,24.734869004530562,-0.1118168832130434,5,27.848839430781
3200,3,Paladin,34.60999460450213,-0.05315969272764309,3,36.55314876085712
3200,6,Night Lord,29.775595260780047,-0.15280537035285358,8,35.14610954649403
3200,6,Corsair,46.273048160862714,-0.13662199621382498,3,53.59535216086272
3200,6,Shadower,43.135963091454016,-0.12285915920616386,6,49.177921133412056
3200,6,Bowmaster,24.678072308946497,-0.12928760423974217,9,28.342392309
3200,6,Dark Knight,45.98022150399999,-0.09285004043197231,4,50.686461504
3200,6,Hero,44.96547568726742,-0.10328923044122218,5,50.144904258697
3200,6,Buccaneer,40.44152194181536,-0.1135133287633634,7,45.62
3200,6,Marksman,67.04520281698338,-0.1052598575534961,2,74.932597339
3200,6,Paladin,69.21998920900425,-0.05315969272764309,1,73.10629752171424
4000,1,Night Lord,17.222216112,-0.14958806167597372,2,20.251616112
4000,1,Corsair,20.56121296395264,-0.17077749526728114,1,24.79577296395264
4000,1,Shadower,15.224818619483138,-0.15357394900770494,6,17.98718104391346
4000,1,Bowmaster,15.638004732999997,-0.14879020742867755,5,18.371504733
4000,1,Dark Knight,14.934553834666666,-0.11606255053996517,7,16.895487168
4000,1,Hero,14.55687284813676,-0.12911153805150533,9,16.714968086232
4000,1,Buccaneer,14.68286819362246,-0.06952673044217617,8,15.78
4000,1,Marksman,15.729832226777145,-0.1161028767921759,4,17.79599889372952
4000,1,Paladin,16.695680872273584,-0.04319669389509495,3,17.449438945022887
4000,3,Night Lord,17.222216112,-0.14958806167597372,8,20.251616112
4000,3,Corsair,22.887809069287677,-0.17077749526728125,6,27.60152906928768
4000,3,Shadower,28.741398424951676,-0.15357394900770494,4,33.95618363973689
4000,3,Bowmaster,15.753050983000003,-0.16427447013420438,9,18.849550983
4000,3,Dark Knight,44.80366150399999,-0.11606255053996539,1,50.686461504
4000,3,Hero,43.67061854441028,-0.12911153805152265,2,50.144904258697
4000,3,Buccaneer,20.72784124968071,-0.14099290303851175,7,24.13
4000,3,Marksman,23.951924204530563,-0.1399309739975455,5,27.848839430781
4000,3,Paladin,34.1202931522824,-0.06655666313431086,3,36.55314876085712
4000,6,Night Lord,28.432966689351552,-0.19100671294106697,8,35.14610954649403
4000,6,Corsair,44.44247216086272,-0.17077749526728114,4,53.59535216086272
4000,6,Shadower,41.6254735809645,-0.15357394900770482,6,49.177921133412056
4000,6,Bowmaster,23.76199230893312,-0.16160950529967777,9,28.342392309
4000,6,Dark Knight,44.80366150399999,-0.11606255053996539,3,50.686461504
4000,6,Hero,43.67061854441028,-0.12911153805152265,5,50.144904258697
4000,6,Buccaneer,39.14063507685622,-0.14202904259412052,7,45.62
4000,6,Marksman,65.06120860258339,-0.13173690872822408,2,74.932597339
4000,6,Paladin,68.2405863045648,-0.06655666313431086,1,73.10629752171424
