Stage,Potion,Potion WA,Buffed Avg Base,Expected Strafe Cast,Snipe,Pure Strafe 1T DPM m,Snipe+7 Strafe 1T DPM m,Pure minus Combo m,Pure vs Combo %,Crossover Potion WA
Entry,Gizer,25,10174.528624,104594.15425472,199999,10.192444452830477,11.328216425988572,-1.1357719731580946,-0.10026044087156294,233.88079100924705
Entry,Stopper,60,11729.587583999999,120580.16036351999,199999,11.714921225097141,12.660383601721904,-0.9454623766247625,-0.07467880961333373,233.88079100924705
Entry,Apple,100,13506.797824,138849.88163072,199999,13.45489467911619,14.182860373988571,-0.7279656948723812,-0.05132714245762959,233.88079100924705
Entry,Gelt,120,14395.402944,147984.74226432,199999,14.324881406125716,14.944098760121905,-0.6192173539961896,-0.041435576941485475,233.88079100924705
Entry,Nari/VL,140,15284.008064,157119.60289791998,199999,15.194868133135238,15.705337146255237,-0.5104690131199998,-0.03250290066149364,233.88079100924705
Advanced,Gizer,25,11277.273696000002,115930.37359488002,199999,11.279284389988574,12.280101371001907,-1.0008169810133332,-0.08149908138190542,203.3905412737571
Advanced,Stopper,60,12881.763856000001,132424.53243968,199999,12.850156660921908,13.654614608068572,-0.8044579471466644,-0.0589147310442073,203.3905412737571
Advanced,Apple,100,14715.466896000002,151274.99969088,199999,14.645439256274287,15.225486879001906,-0.5800476227276192,-0.03809714771930128,203.3905412737571
Advanced,Gelt,120,15632.318416,160700.23331647998,199999,15.543080553950476,16.01092301446857,-0.46784246051809397,-0.029220205486924056,203.3905412737571
Advanced,Nari/VL,140,16549.169936000002,170125.46694208,199999,16.44072185162667,16.79635914993524,-0.3556372983085687,-0.02117347546179016,203.3905412737571
Late-game,Gizer,25,13118.179776,134854.88809728,199999,13.085079818788573,13.86060496048762,-0.7755251416990472,-0.05595175274887598,161.2252404474582
Late-game,Stopper,60,14746.322656000002,151592.19690368001,199999,14.679109228921908,15.255380694354288,-0.5762714654323808,-0.037774964583194404,161.2252404474582
Late-game,Apple,100,16607.057376,170720.54982528,199999,16.500857126217145,16.84941010448762,-0.34855297827047593,-0.020686360893883315,161.2252404474582
Late-game,Gelt,120,17537.424736000004,180284.72628608003,199999,17.411731074864765,17.646424809554286,-0.2346937346895217,-0.01329978946004129,161.2252404474582
Late-game,Nari/VL,140,18467.792096,189848.90274688,199999,18.322605023512377,18.44343951462095,-0.12083449110857458,-0.006551624549899326,161.2252404474582
End-game,Gizer,25,14125.299968000001,145208.08367104,199999,14.077677016289522,14.729949829729522,-0.6522728134399998,-0.04428207977487575,136.688762934943
End-game,Stopper,60,15795.521248000001,162377.95842944,199999,15.712903183756193,16.16077272626286,-0.4478695425066661,-0.02771337423604958,136.688762934943
End-game,Apple,100,17704.345568000004,182000.67243904003,199999,17.581733089432383,17.79599889372952,-0.21426580429713837,-0.0120401111270374,136.688762934943
End-game,Gelt,120,18658.757728,191812.02944384,199999,18.516148042270473,18.613611977462853,-0.09746393519237984,-0.0052361645504585,136.688762934943
End-game,Nari/VL,140,19613.169888000004,201623.38644864003,199999,19.450562995108573,19.431225061196194,0.019337933912378702,0.000995198905445971,136.688762934943
