Class,Stage,Clean WA,MW20 Clean Min,MW20 Clean Max,1T DPM m,2T DPM m,3T DPM m,4T DPM m,6T DPM m,Status
Night Lord,Entry,140.0,3554.2416,6338.64,16.253320356,16.253320356,16.253320356,18.836951058,28.255426588,Exact four-stage engine
Night Lord,Advanced,156.0,4032.18816,7181.304,17.544340476,17.544340476,17.544340476,20.378225905,30.567338857,Exact four-stage engine
Night Lord,Late-game,173.0,4520.01944,8063.876,18.932724135,18.932724135,18.932724135,21.929521265,32.894281898,Exact four-stage engine
Night Lord,End-game,184.0,4943.44704,8825.376,20.251616112,20.251616112,20.251616112,23.430739698,35.146109546,Exact four-stage engine
Corsair,Entry,160,3947.7632,7148.48,18.88051523764224,18.88051523764224,21.01693264140288,27.614519169269762,40.80969222500352,Exact stage engine: Cannon 1–2T; Torpedo 3–6T with one marked primary; WDEF=0 normalized
Corsair,Advanced,178,4528.51936,8207.224,20.7678361233408,20.7678361233408,23.117812592409603,30.374902459699204,44.8890821942784,Exact stage engine: Cannon 1–2T; Torpedo 3–6T with one marked primary; WDEF=0 normalized
Corsair,Late-game,206,5326.68208,9665.932,23.16467520866304,23.16467520866304,25.78586507797248,33.880503765288964,50.069781139921936,Exact stage engine: Cannon 1–2T; Torpedo 3–6T with one marked primary; WDEF=0 normalized
Corsair,End-game,219,5827.29216,10563.684,24.79577296395264,24.79577296395264,27.60152906928768,36.266136766479356,53.595352160862724,Exact stage engine: Cannon 1–2T; Torpedo 3–6T with one marked primary; WDEF=0 normalized
Shadower,Entry,193,5037.0,8936.0,14.417617849343356,18.689504619519166,27.217565562087465,36.29008741611663,39.41854322785081,Exact cap-aware stage engine: Assa+BStep 1–2T; BStep+BoT 3–6T; SE off; WDEF=0 normalized
Shadower,Advanced,211,5615.0,9962.0,15.569160923652676,20.182245641771992,29.39144750639279,39.18859667519039,42.56692397477577,Exact cap-aware stage engine: Assa+BStep 1–2T; BStep+BoT 3–6T; SE off; WDEF=0 normalized
Shadower,Late-game,229,6263.0,11086.0,16.867653238149327,21.8654764198232,31.842740089604728,42.45698678613963,46.11707185391029,Exact cap-aware stage engine: Assa+BStep 1–2T; BStep+BoT 3–6T; SE off; WDEF=0 normalized
Shadower,End-game,245,6840.0,12066.0,17.98718104391346,23.316716168035967,33.95618363973689,45.274911519649194,49.177921133412056,Exact cap-aware stage engine: Assa+BStep 1–2T; BStep+BoT 3–6T; SE off; WDEF=0 normalized
Bowmaster,Entry,184.0,6369.37712,7815.952,13.987380288,14.2098106,14.432240913,14.749601915,21.679542247,Exact paired-Archer engine
Bowmaster,Advanced,201.0,7177.26378,8809.428,15.245842834,15.475203146,15.704563459,16.03748572,23.597507955,Exact paired-Archer engine
Bowmaster,Late-game,237.0,8586.75648,10540.338,17.222458015,17.455149265,17.687840515,18.03770257,26.591171355,Exact paired-Archer engine
Bowmaster,End-game,251.0,9333.99724,11451.624,18.371504733,18.610527858,18.849550983,19.213625706,28.342392309,Exact paired-Archer engine
Dark Knight,Entry,161.0,,9851.59,12.838788508,25.677577016,38.516365524,38.516365524,38.516365524,Exact normal-spear engine
Dark Knight,Advanced,178.0,,11036.0,13.8223160133,27.6446320266,41.466948039900004,41.466948039900004,41.466948039900004,Exact normal-spear engine
Dark Knight,Late-game,194.0,,12513.0,15.161788572,30.323577144,45.485365716000004,45.485365716000004,45.485365716000004,Exact normal-spear engine
Dark Knight,End-game,212.0,,14388.44,16.895487168,33.790974336,50.68646150399999,50.68646150399999,50.68646150399999,Exact normal-spear engine
Hero,Entry,172.0,,9696.328,12.898429956069,25.796859912137,38.695289868206,38.695289868206,38.695289868206,Exact Brandish engine; current +112 stack plus time-averaged Enrage +17⅓ WA canonical
Hero,Advanced,191.0,,10920.234,13.913232734443,27.826465468886,41.739698203329,41.739698203329,41.739698203329,Exact Brandish engine; current +112 stack plus time-averaged Enrage +17⅓ WA canonical
Hero,Late-game,209.0,,12269.554,15.091127171141,30.182254342282,45.273381513424,45.273381513424,45.273381513424,Exact Brandish engine; current +112 stack plus time-averaged Enrage +17⅓ WA canonical
Hero,End-game,223.0,,13941.514,16.714968086232,33.429936172464,50.144904258697,50.144904258697,50.144904258697,Exact Brandish engine; current +112 stack plus time-averaged Enrage +17⅓ WA canonical
Buccaneer,Entry,147.0,,8476.0,12.63,13.17,19.0,24.62,35.85,Authoritative exact cap-aware full-uptime engine
Buccaneer,Advanced,162.0,,9515.0,13.56,14.12,20.47,26.53,38.65,Authoritative exact cap-aware full-uptime engine
Buccaneer,Late-game,183.0,,11040.0,14.87,15.46,22.61,29.31,42.71,Authoritative exact cap-aware full-uptime engine
Buccaneer,End-game,194.0,,12062.0,15.78,16.37,24.13,31.3,45.62,Authoritative exact cap-aware full-uptime engine
Marksman,Entry,192.0,7781.9136,8623.104,14.182860374,14.413956803,21.384623008256,31.438418523,57.370344109,Exact paired-Archer engine; Snipe+Strafe 1–2T; PA 1.40s canonical 3–6T; PA 1.20s theoretical alternate
Marksman,Advanced,209.0,8739.7112,9685.478,15.225486879,15.463783308,23.257807333035,34.197796725,62.450266147,Exact paired-Archer engine; Snipe+Strafe 1–2T; PA 1.40s canonical 3–6T; PA 1.20s theoretical alternate
Marksman,Late-game,245.0,10395.938,11521.37,16.849410104,17.091167247,26.165954764013,38.485047292,70.369212711,Exact paired-Archer engine; Snipe+Strafe 1–2T; PA 1.40s canonical 3–6T; PA 1.20s theoretical alternate
Marksman,End-game,259.0,11275.4096,12493.124,17.795998894,18.044334608,27.848839430781,40.964049374,74.932597339,Exact paired-Archer engine; Snipe+Strafe 1–2T; PA 1.40s canonical 3–6T; PA 1.20s theoretical alternate
Paladin,Entry,172,5314.34592,9696.328,14.307981134410964,18.647986418181123,27.971979627271686,37.295972836362246,55.94395925454337,Exact first-principles General Elemental Weak; Neutral/Holy Weak sensitivities retained; WDEF=0 normalized
Paladin,Advanced,191,5993.572359999999,10920.233999999999,15.391276887257916,20.18796186751344,30.281942801270162,40.37592373502688,60.563885602540324,Exact first-principles General Elemental Weak; Neutral/Holy Weak sensitivities retained; WDEF=0 normalized
Paladin,Late-game,209,6737.081559999999,12269.553999999998,16.427661782506654,21.96371774902032,32.94557662353048,43.92743549804064,65.89115324706096,Exact first-principles General Elemental Weak; Neutral/Holy Weak sensitivities retained; WDEF=0 normalized
Paladin,End-game,223,7627.920159999998,13941.514,17.449438945022887,24.368765840571413,36.55314876085712,48.737531681142826,73.10629752171424,Exact first-principles General Elemental Weak; Neutral/Holy Weak sensitivities retained; WDEF=0 normalized
