Branch,Stage,Potion,Potion WA,1T DPM m,2T DPM m,3T DPM m,4T DPM m,6T DPM m,Notes
Paladin Neutral,Entry,Gizer,25,7.600367325713065,9.852655879306239,14.77898381895936,19.705311758612478,29.55796763791872,Element-condition branch
Paladin Holy Weak,Entry,Gizer,25,11.400550988569599,14.77898381895936,22.168475728439038,29.55796763791872,44.336951456878076,Element-condition branch
Marksman PA 1.20s theoretical,Entry,Gizer,25,,,18.877613823672053,27.741268714219025,50.53122305383449,Theoretical timing branch; canonical PA is 1.40s at 3–6T
Paladin Neutral,Entry,Stopper,60,8.873156112315732,11.50262217488384,17.25393326232576,23.00524434976768,34.50786652465152,Element-condition branch
Paladin Holy Weak,Entry,Stopper,60,13.29032033092915,17.253933262325763,25.880899893488643,34.507866524651526,51.761799786977285,Element-condition branch
Marksman PA 1.20s theoretical,Entry,Stopper,60,,,21.656877399342445,31.839918954383506,58.11305408826333,Theoretical timing branch; canonical PA is 1.40s at 3–6T
Paladin Neutral,Entry,Apple,100,10.327771868433063,13.388297941258237,20.082446911887356,26.776595882516474,40.16489382377471,Element-condition branch
Paladin Holy Weak,Entry,Apple,100,15.319995952979564,20.08244691188736,30.123670367831043,40.16489382377472,60.247340735662085,Element-condition branch
Marksman PA 1.20s theoretical,Entry,Apple,100,,,24.833178628680045,36.52409065742862,66.77800384189632,Theoretical timing branch; canonical PA is 1.40s at 3–6T
Paladin Neutral,Entry,Gelt,120,11.055079746491732,14.33113582444544,21.496703736668163,28.66227164889088,42.993407473336326,Element-condition branch
Paladin Holy Weak,Entry,Gelt,120,16.17895597800854,21.496703736668163,32.24505560500225,42.993407473336326,64.4901112100045,Element-condition branch
Marksman PA 1.20s theoretical,Entry,Gelt,120,,,26.421329243348847,38.866176508951185,71.11047871871281,Theoretical timing branch; canonical PA is 1.40s at 3–6T
Paladin Neutral,Entry,Nari/VL,140,11.782387624550399,15.273973707632637,22.910960561448952,30.547947415265273,45.821921122897905,Element-condition branch
Paladin Holy Weak,Entry,Nari/VL,140,16.87404152998521,22.910960561448963,34.36644084217343,45.821921122897926,68.73288168434686,Element-condition branch
Marksman PA 1.20s theoretical,Entry,Nari/VL,140,,,28.00947985801764,41.208262360473746,75.44295359552929,Theoretical timing branch; canonical PA is 1.40s at 3–6T
Paladin Neutral,Advanced,Gizer,25,8.4131646080768,10.906317048506878,16.359475572760317,21.812634097013756,32.718951145520634,Element-condition branch
Paladin Holy Weak,Advanced,Gizer,25,12.61782803538217,16.359475572760324,24.539213359140486,32.71895114552065,49.07842671828097,Element-condition branch
Marksman PA 1.20s theoretical,Advanced,Gizer,25,,,20.870083926153324,30.676560667548557,55.93655669340342,Theoretical timing branch; canonical PA is 1.40s at 3–6T
Paladin Neutral,Advanced,Stopper,60,9.704659175106128,12.580532384900478,18.870798577350715,25.161064769800955,37.74159715470143,Element-condition branch
Paladin Holy Weak,Advanced,Stopper,60,14.468021055045618,18.870798577350723,28.30619786602608,37.741597154701445,56.61239573205216,Element-condition branch
Marksman PA 1.20s theoretical,Advanced,Stopper,60,,,23.737692919711723,34.905496128378644,63.75939402783074,Theoretical timing branch; canonical PA is 1.40s at 3–6T
Paladin Neutral,Advanced,Apple,100,11.180652965996797,14.493921340778877,21.740882011168317,28.987842681557755,43.481764022336634,Element-condition branch
Paladin Holy Weak,Advanced,Apple,100,16.311647054352676,21.740882011168324,32.611323016752486,43.48176402233665,65.22264603350497,Element-condition branch
Marksman PA 1.20s theoretical,Advanced,Apple,100,,,27.014960340921323,39.73856522647016,72.69977955289052,Theoretical timing branch; canonical PA is 1.40s at 3–6T
Paladin Neutral,Advanced,Gelt,120,11.91864986144213,15.450615818718076,23.175923728077112,30.90123163743615,46.351847456154225,Element-condition branch
Paladin Holy Weak,Advanced,Gelt,120,16.990975939514627,23.175923728077123,34.763885592115685,46.351847456154246,69.52777118423137,Element-condition branch
Marksman PA 1.20s theoretical,Advanced,Gelt,120,,,28.653594051526124,42.155099775515914,77.1699723154204,Theoretical timing branch; canonical PA is 1.40s at 3–6T
Paladin Neutral,Advanced,Nari/VL,140,12.654245663802957,16.40731029665728,24.61096544498592,32.81462059331456,49.22193088997184,Element-condition branch
Paladin Holy Weak,Advanced,Nari/VL,140,17.535429733122985,24.59554238110271,36.89331357165407,49.19108476220542,73.78662714330814,Element-condition branch
Marksman PA 1.20s theoretical,Advanced,Nari/VL,140,,,30.29222776213093,44.571634324561686,81.64016507795031,Theoretical timing branch; canonical PA is 1.40s at 3–6T
Paladin Neutral,Late-game,Gizer,25,9.322032671910398,12.08451856020864,18.126777840312958,24.16903712041728,36.253555680625915,Element-condition branch
Paladin Holy Weak,Late-game,Gizer,25,13.931844533554969,18.126777840312958,27.19016676046944,36.253555680625915,54.38033352093888,Element-condition branch
Marksman PA 1.20s theoretical,Late-game,Gizer,25,,,24.17060705142967,35.54245758887447,64.92590415058586,Theoretical timing branch; canonical PA is 1.40s at 3–6T
Paladin Neutral,Late-game,Stopper,60,10.648338133361063,13.803860631783037,20.705790947674554,27.607721263566074,41.41158189534911,Element-condition branch
Paladin Holy Weak,Late-game,Stopper,60,15.722497928919804,20.705790947674558,31.058686421511833,41.411581895349116,62.11737284302367,Element-condition branch
Marksman PA 1.20s theoretical,Late-game,Stopper,60,,,27.080489132280874,39.833734239975904,72.86406246714793,Theoretical timing branch; canonical PA is 1.40s at 3–6T
Paladin Neutral,Late-game,Apple,100,12.164115803590398,15.768822999296638,23.653234498944954,31.537645998593277,47.30646899788991,Element-condition branch
Paladin Holy Weak,Late-game,Apple,100,17.186645673903215,23.652775200645205,35.479162800967806,47.30555040129041,70.95832560193561,Element-condition branch
Marksman PA 1.20s theoretical,Late-game,Apple,100,,,30.40606865325367,44.738050412663256,81.93624340036172,Theoretical timing branch; canonical PA is 1.40s at 3–6T
Paladin Neutral,Late-game,Gelt,120,12.9146639249355,16.75130418305344,25.126956274580152,33.50260836610688,50.253912549160304,Element-condition branch
Paladin Holy Weak,Late-game,Gelt,120,17.70356875542248,25.09549723565092,37.64324585347637,50.19099447130184,75.28649170695275,Element-condition branch
Marksman PA 1.20s theoretical,Late-game,Gelt,120,,,32.06643631869722,47.186636574229475,86.46572639169173,Theoretical timing branch; canonical PA is 1.40s at 3–6T
Paladin Neutral,Late-game,Nari/VL,140,13.6448480452917,17.73378536681023,26.600678050215354,35.46757073362046,53.20135610043071,Element-condition branch
Paladin Holy Weak,Late-game,Nari/VL,140,18.108843873390022,26.49533988109882,39.74300982164822,52.99067976219764,79.48601964329644,Element-condition branch
Marksman PA 1.20s theoretical,Late-game,Nari/VL,140,,,33.403824436081024,49.15891663305261,90.11412117591475,Theoretical timing branch; canonical PA is 1.40s at 3–6T
Paladin Neutral,End-game,Gizer,25,10.479095285845332,13.584464454579196,20.376696681868797,27.168928909158392,40.753393363737594,Element-condition branch
Paladin Holy Weak,End-game,Gizer,25,15.512741233083707,20.3766966818688,30.565045022803197,40.7533933637376,61.130090045606394,Element-condition branch
Marksman PA 1.20s theoretical,End-game,Gizer,25,,,25.990308257665458,38.22322647920084,69.86252429833993,Theoretical timing branch; canonical PA is 1.40s at 3–6T
Paladin Neutral,End-game,Stopper,60,11.889742728170662,15.413142361926397,23.119713542889595,30.826284723852794,46.23942708577919,Element-condition branch
Paladin Holy Weak,End-game,Stopper,60,16.961550008983004,23.119713542889595,34.6795703143344,46.23942708577919,69.3591406286688,Element-condition branch
Marksman PA 1.20s theoretical,End-game,Stopper,60,,,28.975394538132665,42.62540866424148,78.00583967145445,Theoretical timing branch; canonical PA is 1.40s at 3–6T
Paladin Neutral,End-game,Apple,100,13.474436653971672,17.5030599703232,26.2545899554848,35.0061199406464,52.5091799109696,Element-condition branch
Paladin Holy Weak,End-game,Apple,100,18.015313140450257,26.16853998866745,39.25280998300117,52.3370799773349,78.50561996600234,Element-condition branch
Marksman PA 1.20s theoretical,End-game,Apple,100,,,32.36614481210154,47.62583379354505,87.25580641884157,Theoretical timing branch; canonical PA is 1.40s at 3–6T
Paladin Neutral,End-game,Gelt,120,14.235665835632723,18.548018774521598,27.822028161782395,37.096037549043196,55.64405632356479,Element-condition branch
Paladin Holy Weak,End-game,Gelt,120,18.36582877385388,27.625799345428792,41.43869901814318,55.251598690857584,82.87739803628637,Element-condition branch
Marksman PA 1.20s theoretical,End-game,Gelt,120,,,33.63523017072346,49.49738604768857,90.71787127716216,Theoretical timing branch; canonical PA is 1.40s at 3–6T
Paladin Neutral,End-game,Nari/VL,140,14.979626799255634,19.59297757872,29.389466368079994,39.18595515744,58.77893273615999,Element-condition branch
Paladin Holy Weak,End-game,Nari/VL,140,18.623974863122925,29.047535510797378,43.571303266196075,58.095071021594755,87.14260653239215,Element-condition branch
Marksman PA 1.20s theoretical,End-game,Nari/VL,140,,,34.418615260388336,50.6526638392603,92.85494580176795,Theoretical timing branch; canonical PA is 1.40s at 3–6T
DK Polearm Fury 144/21 PSB,End-game,Gizer,25,8.26740199923456,16.53480399846912,24.80220599770368,33.06960799693824,49.60441199540736,Integrated high-target alternate; +12 counted once
DK Polearm Fury 144/21 PSB,End-game,Stopper,60,9.40661093613696,18.81322187227392,28.21983280841088,37.62644374454784,56.43966561682176,Integrated high-target alternate; +12 counted once
DK Polearm Fury 144/21 PSB,End-game,Apple,100,10.70856400688256,21.41712801376512,32.125692020647676,42.83425602753024,64.25138404129535,Integrated high-target alternate; +12 counted once
DK Polearm Fury 144/21 PSB,End-game,Gelt,120,11.359150923222094,22.718301846444188,34.07745276966628,45.436603692888376,68.15490553933256,Integrated high-target alternate; +12 counted once
DK Polearm Fury 144/21 PSB,End-game,Nari/VL,140,11.989284100799921,23.978568201599842,35.96785230239976,47.957136403199684,71.93570460479953,Integrated high-target alternate; +12 counted once
