Class,Stage,Potion,Potion Full Name,Potion WA,Stackable WA,Hero Enrage Avg WA,Pre-Echo Add WA,Echo,1T DPM m,2T DPM m,3T DPM m,4T DPM m,6T DPM m,Engine Status
Night Lord,Entry,Gizer,Energizer / Gizer,25,12.0,0.0,37.0,1.04,11.416022630999999,11.416022630999999,11.416022630999999,13.230715624071427,19.846073436809522,Exact linear WA engine
Night Lord,Entry,Stopper,Heartstopper,60,12.0,0.0,72.0,1.04,13.673428236,13.673428236,13.673428236,15.846958826571429,23.77043824069841,Exact linear WA engine
Night Lord,Entry,Apple,Onyx Apple,100,12.0,0.0,112.0,1.04,16.253320356,16.253320356,16.253320356,18.836951058,28.255426588,Exact linear WA engine
Night Lord,Entry,Gelt,Gelt Chocolate,120,12.0,0.0,132.0,1.04,17.543266415999998,17.543266415999998,17.543266415999998,20.331947173714283,30.49792076165079,Exact linear WA engine
Night Lord,Entry,Nari/VL,Naricain Elixir / VL Pot,140,12.0,0.0,152.0,1.04,18.833212476,18.833212476,18.833212476,21.826943289428574,32.74041493530159,Exact linear WA engine
Night Lord,Advanced,Gizer,Energizer / Gizer,25,12.0,0.0,37.0,1.04,12.634543701,12.634543701,12.634543701,14.675364177854478,22.013046266421643,Exact linear WA engine
Night Lord,Advanced,Stopper,Heartstopper,60,12.0,0.0,72.0,1.04,14.925782195999998,14.925782195999998,14.925782195999998,17.336699650522387,26.00504947535821,Exact linear WA engine
Night Lord,Advanced,Apple,Onyx Apple,100,12.0,0.0,112.0,1.04,17.544340476,17.544340476,17.544340476,20.378225905,30.567338857,Exact linear WA engine
Night Lord,Advanced,Gelt,Gelt Chocolate,120,12.0,0.0,132.0,1.04,18.853619616,18.853619616,18.853619616,21.898989032238806,32.8484835478209,Exact linear WA engine
Night Lord,Advanced,Nari/VL,Naricain Elixir / VL Pot,140,12.0,0.0,152.0,1.04,20.162898755999997,20.162898755999997,20.162898755999997,23.419752159477614,35.12962823864179,Exact linear WA engine
Night Lord,Late-game,Gizer,Energizer / Gizer,25,12.0,0.0,37.0,1.04,13.95042831,13.95042831,13.95042831,16.15859461631579,24.237891924842106,Exact linear WA engine
Night Lord,Late-game,Stopper,Heartstopper,60,12.0,0.0,72.0,1.04,16.275499695,16.275499695,16.275499695,18.85169371903509,28.27754057898246,Exact linear WA engine
Night Lord,Late-game,Apple,Onyx Apple,100,12.0,0.0,112.0,1.04,18.932724135,18.932724135,18.932724135,21.929521265,32.894281898,Exact linear WA engine
Night Lord,Late-game,Gelt,Gelt Chocolate,120,12.0,0.0,132.0,1.04,20.261336355,20.261336355,20.261336355,23.46843503798246,35.20265255750878,Exact linear WA engine
Night Lord,Late-game,Nari/VL,Naricain Elixir / VL Pot,140,12.0,0.0,152.0,1.04,21.589948575,21.589948575,21.589948575,25.007348810964913,37.511023217017545,Exact linear WA engine
Night Lord,End-game,Gizer,Energizer / Gizer,25,12.0,0.0,37.0,1.04,15.120294462,15.120294462,15.120294462,17.493896869114863,26.240845302925674,Exact linear WA engine
Night Lord,End-game,Stopper,Heartstopper,60,12.0,0.0,72.0,1.04,17.514911232000003,17.514911232000003,17.514911232000003,20.264423522594594,30.396635283027027,Exact linear WA engine
Night Lord,End-game,Apple,Onyx Apple,100,12.0,0.0,112.0,1.04,20.251616112,20.251616112,20.251616112,23.430739698,35.146109546,Exact linear WA engine
Night Lord,End-game,Gelt,Gelt Chocolate,120,12.0,0.0,132.0,1.04,21.619968552,21.619968552,21.619968552,25.013897785702703,37.52084667748648,Exact linear WA engine
Night Lord,End-game,Nari/VL,Naricain Elixir / VL Pot,140,12.0,0.0,152.0,1.04,22.988320992,22.988320992,22.988320992,26.597055873405406,39.89558380897297,Exact linear WA engine
Corsair,Entry,Gizer,Energizer / Gizer,25,12.0,0.0,37.0,1.04,13.674490815498238,13.674490815498238,15.221822538074878,20.00022160421376,29.557019736491515,Exact Cannon/Torpedo stage engine
Corsair,Entry,Stopper,Heartstopper,60,12.0,0.0,72.0,1.04,16.10396887916544,16.10396887916544,17.92620725296128,23.553560467906564,34.808266897797125,Exact Cannon/Torpedo stage engine
Corsair,Entry,Apple,Onyx Apple,100,12.0,0.0,112.0,1.04,18.88051523764224,18.88051523764224,21.01693264140288,27.614519169269762,40.80969222500352,Exact Cannon/Torpedo stage engine
Corsair,Entry,Gelt,Gelt Chocolate,120,12.0,0.0,132.0,1.04,20.26878841688064,20.26878841688064,22.562295335623677,29.64499851995136,43.81040488860672,Exact Cannon/Torpedo stage engine
Corsair,Entry,Nari/VL,Naricain Elixir / VL Pot,140,12.0,0.0,152.0,1.04,21.65706159611904,21.65706159611904,24.107658029844483,31.675477870632957,46.81111755220992,Exact Cannon/Torpedo stage engine
Corsair,Advanced,Gizer,Energizer / Gizer,25,12.0,0.0,37.0,1.04,15.3968440224768,15.3968440224768,17.1390679564416,22.5193242373632,33.2798367992064,Exact Cannon/Torpedo stage engine
Corsair,Advanced,Stopper,Heartstopper,60,12.0,0.0,72.0,1.04,17.90330700288,17.90330700288,19.929148786560003,26.18526074112,38.69748465024001,Exact Cannon/Torpedo stage engine
Corsair,Advanced,Apple,Onyx Apple,100,12.0,0.0,112.0,1.04,20.7678361233408,20.7678361233408,23.117812592409603,30.374902459699204,44.8890821942784,Exact Cannon/Torpedo stage engine
Corsair,Advanced,Gelt,Gelt Chocolate,120,12.0,0.0,132.0,1.04,22.200100683571204,22.200100683571204,24.712144495334407,32.469723318988805,47.98488096629761,Exact Cannon/Torpedo stage engine
Corsair,Advanced,Nari/VL,Naricain Elixir / VL Pot,140,12.0,0.0,152.0,1.04,23.632365243801598,23.632365243801598,26.306476398259196,34.564544178278396,51.080679738316796,Exact Cannon/Torpedo stage engine
Corsair,Late-game,Gizer,Energizer / Gizer,25,12.0,0.0,37.0,1.04,17.701308414167038,17.701308414167038,19.70429312562048,25.88981891498496,38.260870493713924,Exact Cannon/Torpedo stage engine
Corsair,Late-game,Stopper,Heartstopper,60,12.0,0.0,72.0,1.04,20.250879584931837,20.250879584931837,22.542360036718083,29.61880517846016,43.77169546194432,Exact Cannon/Torpedo stage engine
Corsair,Late-game,Apple,Onyx Apple,100,12.0,0.0,112.0,1.04,23.16467520866304,23.16467520866304,25.78586507797248,33.880503765288964,50.069781139921936,Exact Cannon/Torpedo stage engine
Corsair,Late-game,Gelt,Gelt Chocolate,120,12.0,0.0,132.0,1.04,24.621573020528643,24.621573020528643,27.407617598599685,36.01135305870337,53.218823978910734,Exact Cannon/Torpedo stage engine
Corsair,Late-game,Nari/VL,Naricain Elixir / VL Pot,140,12.0,0.0,152.0,1.04,26.07847083239424,26.07847083239424,29.02937011922688,38.142202352117764,56.367866817899525,Exact Cannon/Torpedo stage engine
Corsair,End-game,Gizer,Energizer / Gizer,25,12.0,0.0,37.0,1.04,19.177395404144637,19.177395404144637,21.34740616839168,28.04873417588736,41.45139019087872,Exact Cannon/Torpedo stage engine
Corsair,End-game,Stopper,Heartstopper,60,12.0,0.0,72.0,1.04,21.79930493205504,21.79930493205504,24.26599685547648,31.88352205149696,47.11857244353793,Exact Cannon/Torpedo stage engine
Corsair,End-game,Apple,Onyx Apple,100,12.0,0.0,112.0,1.04,24.79577296395264,24.79577296395264,27.60152906928768,36.266136766479356,53.595352160862724,Exact Cannon/Torpedo stage engine
Corsair,End-game,Gelt,Gelt Chocolate,120,12.0,0.0,132.0,1.04,26.29400697990144,26.29400697990144,29.269295176193282,38.45744412397056,56.833742019525125,Exact Cannon/Torpedo stage engine
Corsair,End-game,Nari/VL,Naricain Elixir / VL Pot,140,12.0,0.0,152.0,1.04,27.79224099585024,27.79224099585024,30.937061283098878,40.64875148146176,60.07213187818752,Exact Cannon/Torpedo stage engine
Shadower,Entry,Gizer,Energizer / Gizer,25,12.0,0.0,37.0,1.04,10.872301984750727,14.093724795047239,20.524721571410222,27.366295428546962,29.725458827559635,Exact cap-aware Assa/BStep + BStep/BoT engine
Shadower,Entry,Stopper,Heartstopper,60,12.0,0.0,72.0,1.04,12.526782721560622,16.238422046467473,23.648048767059603,31.530731689412807,34.24889821436218,Exact cap-aware Assa/BStep + BStep/BoT engine
Shadower,Entry,Apple,Onyx Apple,100,12.0,0.0,112.0,1.04,14.417617849343356,18.689504619519166,27.217565562087465,36.29008741611663,39.41854322785081,Exact cap-aware Assa/BStep + BStep/BoT engine
Shadower,Entry,Gelt,Gelt Chocolate,120,12.0,0.0,132.0,1.04,15.363035413234723,19.915045906045012,29.002323959601405,38.66976527946854,42.003365734595135,Exact cap-aware Assa/BStep + BStep/BoT engine
Shadower,Entry,Nari/VL,Naricain Elixir / VL Pot,140,12.0,0.0,152.0,1.04,16.30845297712609,21.140587192570862,30.787082357115334,41.049443142820444,44.588188241339445,Exact cap-aware Assa/BStep + BStep/BoT engine
Shadower,Advanced,Gizer,Energizer / Gizer,25,12.0,0.0,37.0,1.04,11.954030678222491,15.495965693992117,22.5668079925245,30.089077323366,32.68296329951824,Exact cap-aware Assa/BStep + BStep/BoT engine
Shadower,Advanced,Stopper,Heartstopper,60,12.0,0.0,72.0,1.04,13.641091459423242,17.68289633628939,25.751639765663036,34.335519687550715,37.29547828130509,Exact cap-aware Assa/BStep + BStep/BoT engine
Shadower,Advanced,Apple,Onyx Apple,100,12.0,0.0,112.0,1.04,15.569160923652676,20.182245641771992,29.39144750639279,39.18859667519039,42.56692397477577,Exact cap-aware Assa/BStep + BStep/BoT engine
Shadower,Advanced,Gelt,Gelt Chocolate,120,12.0,0.0,132.0,1.04,16.533195655767397,21.43192029451329,31.211351376757673,41.61513516901024,45.20264682151111,Exact cap-aware Assa/BStep + BStep/BoT engine
Shadower,Advanced,Nari/VL,Naricain Elixir / VL Pot,140,12.0,0.0,152.0,1.04,17.497230387882112,22.681594947254588,33.03125524712255,44.04167366283007,47.83836966824646,Exact cap-aware Assa/BStep + BStep/BoT engine
Shadower,Late-game,Gizer,Energizer / Gizer,25,12.0,0.0,37.0,1.04,13.157758830931732,17.05635404009669,24.839204879281095,33.11893983904147,35.97402085964849,Exact cap-aware Assa/BStep + BStep/BoT engine
Shadower,Late-game,Stopper,Heartstopper,60,12.0,0.0,72.0,1.04,14.889042887633275,19.300611150635728,28.107521310765456,37.47669508102061,40.70744465697066,Exact cap-aware Assa/BStep + BStep/BoT engine
Shadower,Late-game,Apple,Onyx Apple,100,12.0,0.0,112.0,1.04,16.867653238149327,21.8654764198232,31.842740089604728,42.45698678613963,46.11707185391029,Exact cap-aware Assa/BStep + BStep/BoT engine
Shadower,Late-game,Gelt,Gelt Chocolate,120,12.0,0.0,132.0,1.04,17.85695841340735,23.14790905441694,33.71034947902436,44.94713263869914,48.82188545238011,Exact cap-aware Assa/BStep + BStep/BoT engine
Shadower,Late-game,Nari/VL,Naricain Elixir / VL Pot,140,12.0,0.0,152.0,1.04,18.846263588665376,24.430341689010675,35.577958868443986,47.43727849125865,51.52669905084991,Exact cap-aware Assa/BStep + BStep/BoT engine
Shadower,End-game,Gizer,Energizer / Gizer,25,12.0,0.0,37.0,1.04,14.208361496872817,18.418246384835133,26.822531614582083,35.763375486109446,38.84642509698095,Exact cap-aware Assa/BStep + BStep/BoT engine
Shadower,End-game,Stopper,Heartstopper,60,12.0,0.0,72.0,1.04,15.971810618825115,20.70419895032885,30.151569226320998,40.20209230176132,43.66778991398213,Exact cap-aware Assa/BStep + BStep/BoT engine
Shadower,End-game,Apple,Onyx Apple,100,12.0,0.0,112.0,1.04,17.98718104391346,23.316716168035967,33.95618363973689,45.274911519649194,49.177921133412056,Exact cap-aware Assa/BStep + BStep/BoT engine
Shadower,End-game,Gelt,Gelt Chocolate,120,12.0,0.0,132.0,1.04,18.99486625645763,24.62297477688952,35.858490846444845,47.81132112859312,51.93298674312701,Exact cap-aware Assa/BStep + BStep/BoT engine
Shadower,End-game,Nari/VL,Naricain Elixir / VL Pot,140,12.0,0.0,152.0,1.04,20.0025514690018,25.92923338574307,37.76079805315278,50.34773073753704,54.688052352841964,Exact cap-aware Assa/BStep + BStep/BoT engine
Bowmaster,Entry,Gizer,Energizer / Gizer,25,12.0,0.0,37.0,1.04,10.499639584595998,10.722069897095999,10.944500209595999,11.237807827420799,16.4118511161312,Exact Hurricane/Arrow Rain + Phoenix engine
Bowmaster,Entry,Stopper,Heartstopper,60,12.0,0.0,72.0,1.04,12.127251912756002,12.349682225256002,12.572112537756002,12.876645068188802,18.870106977283204,Exact Hurricane/Arrow Rain + Phoenix engine
Bowmaster,Entry,Apple,Onyx Apple,100,12.0,0.0,112.0,1.04,13.987380287796002,14.209810600296002,14.432240912796003,14.7496019147808,21.679542247171202,Exact Hurricane/Arrow Rain + Phoenix engine
Bowmaster,Entry,Gelt,Gelt Chocolate,120,12.0,0.0,132.0,1.04,14.917444475316,15.139874787816,15.362305100316,15.6860803380768,23.0842598821152,Exact Hurricane/Arrow Rain + Phoenix engine
Bowmaster,Entry,Nari/VL,Naricain Elixir / VL Pot,140,12.0,0.0,152.0,1.04,15.847508662836002,16.069938975336,16.292369287836003,16.6225587613728,24.4889775170592,Exact Hurricane/Arrow Rain + Phoenix engine
Bowmaster,Advanced,Gizer,Energizer / Gizer,25,12.0,0.0,37.0,1.04,11.647644146548,11.877004459047999,12.106364771548,12.4144718691104,18.1629871786656,Exact Hurricane/Arrow Rain + Phoenix engine
Bowmaster,Advanced,Stopper,Heartstopper,60,12.0,0.0,72.0,1.04,13.326803533908,13.556163846408,13.785524158908,14.1052116660384,20.6990968740576,Exact Hurricane/Arrow Rain + Phoenix engine
Bowmaster,Advanced,Apple,Onyx Apple,100,12.0,0.0,112.0,1.04,15.245842833748004,15.475203146248003,15.704563458748003,16.037485719670403,23.597507954505605,Exact Hurricane/Arrow Rain + Phoenix engine
Bowmaster,Advanced,Gelt,Gelt Chocolate,120,12.0,0.0,132.0,1.04,16.205362483668,16.434722796168,16.664083108668,17.0036227464864,25.0467134947296,Exact Hurricane/Arrow Rain + Phoenix engine
Bowmaster,Advanced,Nari/VL,Naricain Elixir / VL Pot,140,12.0,0.0,152.0,1.04,17.164882133587998,17.394242446087997,17.623602758587996,17.9697597733024,26.495919034953598,Exact Hurricane/Arrow Rain + Phoenix engine
Bowmaster,Late-game,Gizer,Energizer / Gizer,25,12.0,0.0,37.0,1.04,13.571362005072002,13.804053255072,14.036744505072,14.361426587865603,21.0767573817984,Exact Hurricane/Arrow Rain + Phoenix engine
Bowmaster,Late-game,Stopper,Heartstopper,60,12.0,0.0,72.0,1.04,15.275206809552,15.507898059552,15.740589309551998,16.0770220461696,23.6501505692544,Exact Hurricane/Arrow Rain + Phoenix engine
Bowmaster,Late-game,Apple,Onyx Apple,100,12.0,0.0,112.0,1.04,17.222458014672,17.455149264672,17.687840514672,18.0377025699456,26.591171354918398,Exact Hurricane/Arrow Rain + Phoenix engine
Bowmaster,Late-game,Gelt,Gelt Chocolate,120,12.0,0.0,132.0,1.04,18.196083617232002,18.428774867232,18.661466117232003,19.0180428318336,28.061681747750402,Exact Hurricane/Arrow Rain + Phoenix engine
Bowmaster,Late-game,Nari/VL,Naricain Elixir / VL Pot,140,12.0,0.0,152.0,1.04,19.169709219792,19.402400469792003,19.635091719792,19.9983830937216,29.5321921405824,Exact Hurricane/Arrow Rain + Phoenix engine
Bowmaster,End-game,Gizer,Energizer / Gizer,25,12.0,0.0,37.0,1.04,14.625124235783998,14.864147360783997,15.103170485783998,15.441408101203198,22.684065901804797,Exact Hurricane/Arrow Rain + Phoenix engine
Bowmaster,End-game,Stopper,Heartstopper,60,12.0,0.0,72.0,1.04,16.373435134664,16.612458259664,16.851481384663998,17.201776316627196,25.3246182249408,Exact Hurricane/Arrow Rain + Phoenix engine
Bowmaster,End-game,Apple,Onyx Apple,100,12.0,0.0,112.0,1.04,18.371504733384004,18.610527858384007,18.849550983384006,19.213625705683206,28.34239230852481,Exact Hurricane/Arrow Rain + Phoenix engine
Bowmaster,End-game,Gelt,Gelt Chocolate,120,12.0,0.0,132.0,1.04,19.370539532744,19.609562657744,19.848585782744003,20.2195504002112,29.8512793503168,Exact Hurricane/Arrow Rain + Phoenix engine
Bowmaster,End-game,Nari/VL,Naricain Elixir / VL Pot,140,12.0,0.0,152.0,1.04,20.369574332103998,20.608597457103997,20.847620582103996,21.2254750947392,31.3601663921088,Exact Hurricane/Arrow Rain + Phoenix engine
Dark Knight,Entry,Gizer,Energizer / Gizer,25,12.0,0.0,37.0,1.04,9.311648808,18.623297616,27.934946424,27.934946424,27.934946424,Exact linear Crusher engine; +12 counted once
Dark Knight,Entry,Stopper,Heartstopper,60,12.0,0.0,72.0,1.04,10.957647334666667,21.915294669333335,32.872942004,32.872942004,32.872942004,Exact linear Crusher engine; +12 counted once
Dark Knight,Entry,Apple,Onyx Apple,100,12.0,0.0,112.0,1.04,12.838788508,25.677577016,38.516365524,38.516365524,38.516365524,Exact linear Crusher engine; +12 counted once
Dark Knight,Entry,Gelt,Gelt Chocolate,120,12.0,0.0,132.0,1.04,13.779359094666667,27.558718189333334,41.338077284,41.338077284,41.338077284,Exact linear Crusher engine; +12 counted once
Dark Knight,Entry,Nari/VL,Naricain Elixir / VL Pot,140,12.0,0.0,152.0,1.04,14.719929681333333,29.439859362666667,44.159789044,44.159789044,44.159789044,Exact linear Crusher engine; +12 counted once
Dark Knight,Advanced,Gizer,Energizer / Gizer,25,12.0,0.0,37.0,1.04,10.247579113308621,20.495158226617242,30.742737339925867,30.742737339925867,30.742737339925867,Exact linear Crusher engine; +12 counted once
Dark Knight,Advanced,Stopper,Heartstopper,60,12.0,0.0,72.0,1.04,11.91578966663793,23.83157933327586,35.747368999913796,35.747368999913796,35.747368999913796,Exact linear Crusher engine; +12 counted once
Dark Knight,Advanced,Apple,Onyx Apple,100,12.0,0.0,112.0,1.04,13.8223160133,27.6446320266,41.466948039900004,41.466948039900004,41.466948039900004,Exact linear Crusher engine; +12 counted once
Dark Knight,Advanced,Gelt,Gelt Chocolate,120,12.0,0.0,132.0,1.04,14.775579186631033,29.551158373262066,44.326737559893104,44.326737559893104,44.326737559893104,Exact linear Crusher engine; +12 counted once
Dark Knight,Advanced,Nari/VL,Naricain Elixir / VL Pot,140,12.0,0.0,152.0,1.04,15.72884235996207,31.45768471992414,47.18652707988621,47.18652707988621,47.18652707988621,Exact linear Crusher engine; +12 counted once
Dark Knight,Late-game,Gizer,Energizer / Gizer,25,12.0,0.0,37.0,1.04,11.445663922,22.891327844,34.336991766000004,34.336991766000004,34.336991766000004,Exact linear Crusher engine; +12 counted once
Dark Knight,Late-game,Stopper,Heartstopper,60,12.0,0.0,72.0,1.04,13.179855425333335,26.35971085066667,39.539566276,39.539566276,39.539566276,Exact linear Crusher engine; +12 counted once
Dark Knight,Late-game,Apple,Onyx Apple,100,12.0,0.0,112.0,1.04,15.161788572,30.323577144,45.485365716000004,45.485365716000004,45.485365716000004,Exact linear Crusher engine; +12 counted once
Dark Knight,Late-game,Gelt,Gelt Chocolate,120,12.0,0.0,132.0,1.04,16.152755145333334,32.30551029066667,48.458265436000005,48.458265436000005,48.458265436000005,Exact linear Crusher engine; +12 counted once
Dark Knight,Late-game,Nari/VL,Naricain Elixir / VL Pot,140,12.0,0.0,152.0,1.04,17.14372171866667,34.28744343733334,51.431165156000006,51.431165156000006,51.431165156000006,Exact linear Crusher engine; +12 counted once
Dark Knight,End-game,Gizer,Energizer / Gizer,25,12.0,0.0,37.0,1.04,12.984494768,25.968989536,38.95348430399999,38.95348430399999,38.95348430399999,Exact linear Crusher engine; +12 counted once
Dark Knight,End-game,Stopper,Heartstopper,60,12.0,0.0,72.0,1.04,14.809624554666666,29.61924910933333,44.428873663999994,44.428873663999994,44.428873663999994,Exact linear Crusher engine; +12 counted once
Dark Knight,End-game,Apple,Onyx Apple,100,12.0,0.0,112.0,1.04,16.895487168,33.790974336,50.68646150399999,50.68646150399999,50.68646150399999,Exact linear Crusher engine; +12 counted once
Dark Knight,End-game,Gelt,Gelt Chocolate,120,12.0,0.0,132.0,1.04,17.938418474666666,35.87683694933333,53.81525542399999,53.81525542399999,53.81525542399999,Exact linear Crusher engine; +12 counted once
Dark Knight,End-game,Nari/VL,Naricain Elixir / VL Pot,140,12.0,0.0,152.0,1.04,18.981349781333336,37.96269956266667,56.944049344,56.944049344,56.944049344,Exact linear Crusher engine; +12 counted once
Hero,Entry,Gizer,Energizer / Gizer,25,12.0,17.333333333333332,54.33333333333333,1.04,9.688090641781915,19.376181283563078,29.064271925344993,29.064271925344993,29.064271925344993,Exact Brandish scaling + Enrage avg 17⅓
Hero,Entry,Stopper,Heartstopper,60,12.0,17.333333333333332,89.33333333333333,1.04,11.186248988449222,22.372497976897574,33.55874696534679,33.55874696534679,33.55874696534679,Exact Brandish scaling + Enrage avg 17⅓
Hero,Entry,Apple,Onyx Apple,100,12.0,17.333333333333332,129.33333333333334,1.04,12.898429956069,25.796859912137,38.695289868206,38.695289868206,38.695289868206,Exact Brandish scaling + Enrage avg 17⅓
Hero,Entry,Gelt,Gelt Chocolate,120,12.0,17.333333333333332,149.33333333333334,1.04,13.75452043987889,27.50904087975671,41.2635613196356,41.2635613196356,41.2635613196356,Exact Brandish scaling + Enrage avg 17⅓
Hero,Entry,Nari/VL,Naricain Elixir / VL Pot,140,12.0,17.333333333333332,169.33333333333334,1.04,14.610610923688778,29.221221847376423,43.8318327710652,43.8318327710652,43.8318327710652,Exact Brandish scaling + Enrage avg 17⅓
Hero,Advanced,Gizer,Energizer / Gizer,25,12.0,17.333333333333332,54.33333333333333,1.04,10.655712063007334,21.311424126014668,31.967136189022003,31.967136189022003,31.967136189022003,Exact Brandish scaling + Enrage avg 17⅓
Hero,Advanced,Stopper,Heartstopper,60,12.0,17.333333333333332,89.33333333333333,1.04,12.175888376343977,24.351776752687954,36.52766512903193,36.52766512903193,36.52766512903193,Exact Brandish scaling + Enrage avg 17⅓
Hero,Advanced,Apple,Onyx Apple,100,12.0,17.333333333333332,129.33333333333334,1.04,13.913232734443,27.826465468886,41.739698203329,41.739698203329,41.739698203329,Exact Brandish scaling + Enrage avg 17⅓
Hero,Advanced,Gelt,Gelt Chocolate,120,12.0,17.333333333333332,149.33333333333334,1.04,14.781904913492511,29.563809826985022,44.34571474047753,44.34571474047753,44.34571474047753,Exact Brandish scaling + Enrage avg 17⅓
Hero,Advanced,Nari/VL,Naricain Elixir / VL Pot,140,12.0,17.333333333333332,169.33333333333334,1.04,15.65057709254202,31.30115418508404,46.95173127762606,46.95173127762606,46.95173127762606,Exact Brandish scaling + Enrage avg 17⅓
Hero,Late-game,Gizer,Energizer / Gizer,25,12.0,17.333333333333332,54.33333333333333,1.04,11.745803413991517,23.491606827983034,35.237410241975326,35.237410241975326,35.237410241975326,Exact Brandish scaling + Enrage avg 17⅓
Hero,Late-game,Stopper,Heartstopper,60,12.0,17.333333333333332,89.33333333333333,1.04,13.306954500661277,26.613909001322554,39.92086350198471,39.92086350198471,39.92086350198471,Exact Brandish scaling + Enrage avg 17⅓
Hero,Late-game,Apple,Onyx Apple,100,12.0,17.333333333333332,129.33333333333334,1.04,15.091127171141,30.182254342282,45.273381513424,45.273381513424,45.273381513424,Exact Brandish scaling + Enrage avg 17⅓
Hero,Late-game,Gelt,Gelt Chocolate,120,12.0,17.333333333333332,149.33333333333334,1.04,15.983213506380862,31.966427012761724,47.94964051914364,47.94964051914364,47.94964051914364,Exact Brandish scaling + Enrage avg 17⅓
Hero,Late-game,Nari/VL,Naricain Elixir / VL Pot,140,12.0,17.333333333333332,169.33333333333334,1.04,16.875299841620727,33.750599683241454,50.62589952486329,50.62589952486329,50.62589952486329,Exact Brandish scaling + Enrage avg 17⅓
Hero,End-game,Gizer,Energizer / Gizer,25,12.0,17.333333333333332,54.33333333333333,1.04,13.15690960051563,26.31381920103126,39.47072880154768,39.47072880154768,39.47072880154768,Exact Brandish scaling + Enrage avg 17⅓
Hero,End-game,Stopper,Heartstopper,60,12.0,17.333333333333332,89.33333333333333,1.04,14.817336893849935,29.63467378769987,44.452010681550696,44.452010681550696,44.452010681550696,Exact Brandish scaling + Enrage avg 17⅓
Hero,End-game,Apple,Onyx Apple,100,12.0,17.333333333333332,129.33333333333334,1.04,16.714968086232,33.429936172464,50.144904258697,50.144904258697,50.144904258697,Exact Brandish scaling + Enrage avg 17⅓
Hero,End-game,Gelt,Gelt Chocolate,120,12.0,17.333333333333332,149.33333333333334,1.04,17.663783682423027,35.327567364846054,52.99135104727014,52.99135104727014,52.99135104727014,Exact Brandish scaling + Enrage avg 17⅓
Hero,End-game,Nari/VL,Naricain Elixir / VL Pot,140,12.0,17.333333333333332,169.33333333333334,1.04,18.612599278614063,37.225198557228126,55.837797835843304,55.837797835843304,55.837797835843304,Exact Brandish scaling + Enrage avg 17⅓
Buccaneer,Entry,Gizer,Energizer / Gizer,25,12.0,0.0,37.0,1.04,9.026716290222144,9.424019823400627,13.517437185577489,17.508229820060556,25.48981508902668,Exact cap-aware 75/25 ST sustained engine
Buccaneer,Entry,Stopper,Heartstopper,60,12.0,0.0,72.0,1.04,10.721020529126537,11.187236458781465,16.081339866381704,20.831250665032737,30.33107226233482,Exact cap-aware 75/25 ST sustained engine
Buccaneer,Entry,Apple,Onyx Apple,100,12.0,0.0,112.0,1.04,12.628536038625532,13.165060490021796,19.002194185002075,24.619668599845085,35.8546174295311,Exact cap-aware 75/25 ST sustained engine
Buccaneer,Entry,Gelt,Gelt Chocolate,120,12.0,0.0,132.0,1.04,13.548423274439708,14.110177136972112,20.451672502144802,26.502928725083795,38.60544117096179,Exact cap-aware 75/25 ST sustained engine
Buccaneer,Entry,Nari/VL,Naricain Elixir / VL Pot,140,12.0,0.0,152.0,1.04,14.436771200622646,15.014512723096919,21.890955554081142,28.37599358511612,41.34606964718608,Exact cap-aware 75/25 ST sustained engine
Buccaneer,Advanced,Gizer,Energizer / Gizer,25,12.0,0.0,37.0,1.04,9.942960346547267,10.378432456020365,14.899687305267532,19.299393220466253,28.098805050863685,Exact cap-aware 75/25 ST sustained engine
Buccaneer,Advanced,Stopper,Heartstopper,60,12.0,0.0,72.0,1.04,11.656204518514642,12.157859688490332,17.50875402139601,22.68227755987088,33.02932463682063,Exact cap-aware 75/25 ST sustained engine
Buccaneer,Advanced,Apple,Onyx Apple,100,12.0,0.0,112.0,1.04,13.56265927464655,14.12485022458707,20.473884407432745,26.531770943937516,38.64754401694705,Exact cap-aware 75/25 ST sustained engine
Buccaneer,Advanced,Gelt,Gelt Chocolate,120,12.0,0.0,132.0,1.04,14.467631161408564,15.045950020158715,21.940850732331924,28.440918767851638,41.44105483889106,Exact cap-aware 75/25 ST sustained engine
Buccaneer,Advanced,Nari/VL,Naricain Elixir / VL Pot,140,12.0,0.0,152.0,1.04,15.346091187747255,15.932769363648113,23.399246944210553,30.341496478745213,44.225995547814534,Exact cap-aware 75/25 ST sustained engine
Buccaneer,Late-game,Gizer,Energizer / Gizer,25,12.0,0.0,37.0,1.04,11.269130411409535,11.756327772133302,16.916952218332863,21.914767963865362,31.910399454930356,Exact cap-aware 75/25 ST sustained engine
Buccaneer,Late-game,Stopper,Heartstopper,60,12.0,0.0,72.0,1.04,13.005322356871783,13.553436164665214,19.58998140571804,25.38290420167616,36.9687497935924,Exact cap-aware 75/25 ST sustained engine
Buccaneer,Late-game,Apple,Onyx Apple,100,12.0,0.0,112.0,1.04,14.871324987975282,15.454417339797608,22.60665765864651,29.30827422651963,42.71150736226587,Exact cap-aware 75/25 ST sustained engine
Buccaneer,Late-game,Gelt,Gelt Chocolate,120,12.0,0.0,132.0,1.04,15.762946475195903,16.350542654196563,24.099244176182374,31.254402030843387,45.56471774016542,Exact cap-aware 75/25 ST sustained engine
Buccaneer,Late-game,Nari/VL,Naricain Elixir / VL Pot,140,12.0,0.0,152.0,1.04,16.634205896322296,17.21295313994664,25.564852254054145,33.16663397020523,48.37019740250742,Exact cap-aware 75/25 ST sustained engine
Buccaneer,End-game,Gizer,Energizer / Gizer,25,12.0,0.0,37.0,1.04,12.174343983475078,12.69503143474621,18.30245688296171,23.711753771812983,34.53034754951553,Exact cap-aware 75/25 ST sustained engine
Buccaneer,End-game,Stopper,Heartstopper,60,12.0,0.0,72.0,1.04,13.916512326820015,14.48607766972412,21.042445566596356,27.27133289315237,39.72910754626439,Exact cap-aware 75/25 ST sustained engine
Buccaneer,End-game,Apple,Onyx Apple,100,12.0,0.0,112.0,1.04,15.781694073995602,16.369301350396274,24.13058814022344,31.295273353215563,45.6246437791998,Exact cap-aware 75/25 ST sustained engine
Buccaneer,End-game,Gelt,Gelt Chocolate,120,12.0,0.0,132.0,1.04,16.679110590834572,17.257113630077697,25.64031893658079,33.26511272886332,48.514700313428385,Exact cap-aware 75/25 ST sustained engine
Buccaneer,End-game,Nari/VL,Naricain Elixir / VL Pot,140,12.0,0.0,152.0,1.04,17.557593873325246,18.112200165679873,27.12116270566997,35.198343705482266,51.35270570510686,Exact cap-aware 75/25 ST sustained engine
Marksman,Entry,Gizer,Energizer / Gizer,25,12.0,0.0,37.0,1.04,11.328216425988572,11.559312854559998,16.279853175392372,23.910285428514268,43.444532005327524,Exact Snipe/Strafe + PA cap/order engine; Frostprey cap 4
Marksman,Entry,Stopper,Heartstopper,60,12.0,0.0,72.0,1.04,12.660383601721904,12.89148003029333,18.662079097395566,27.423414205798107,49.943244320552246,Exact Snipe/Strafe + PA cap/order engine; Frostprey cap 4
Marksman,Entry,Apple,Onyx Apple,100,12.0,0.0,112.0,1.04,14.182860373988571,14.413956802559998,21.38462300825637,31.438418522693922,57.37034410938051,Exact Snipe/Strafe + PA cap/order engine; Frostprey cap 4
Marksman,Entry,Gelt,Gelt Chocolate,120,12.0,0.0,132.0,1.04,14.944098760121905,15.175195188693333,22.745894963686773,33.445920681141835,61.08389400379465,Exact Snipe/Strafe + PA cap/order engine; Frostprey cap 4
Marksman,Entry,Nari/VL,Naricain Elixir / VL Pot,140,12.0,0.0,152.0,1.04,15.705337146255237,15.936433574826665,24.107166919117162,35.453422839589734,64.79744389820877,Exact Snipe/Strafe + PA cap/order engine; Frostprey cap 4
Marksman,Advanced,Gizer,Energizer / Gizer,25,12.0,0.0,37.0,1.04,12.280101371001905,12.518397799573332,17.990770406090608,26.430364245653863,48.081789410672314,Exact Snipe/Strafe + PA cap/order engine; Frostprey cap 4
Marksman,Advanced,Stopper,Heartstopper,60,12.0,0.0,72.0,1.04,13.65461460806857,13.892911036639997,20.448720971997805,30.055166069222505,54.78707855446716,Exact Snipe/Strafe + PA cap/order engine; Frostprey cap 4
Marksman,Advanced,Apple,Onyx Apple,100,12.0,0.0,112.0,1.04,15.225486879001902,15.46378330757333,23.257807333034606,34.19779672472952,62.450266147375544,Exact Snipe/Strafe + PA cap/order engine; Frostprey cap 4
Marksman,Advanced,Gelt,Gelt Chocolate,120,12.0,0.0,132.0,1.04,16.01092301446857,16.249219443039998,24.662350513553005,36.26911205248303,66.28185994382973,Exact Snipe/Strafe + PA cap/order engine; Frostprey cap 4
Marksman,Advanced,Nari/VL,Naricain Elixir / VL Pot,140,12.0,0.0,152.0,1.04,16.796359149935235,17.034655578506662,26.06689369407141,38.34042738023654,70.11345374028394,Exact Snipe/Strafe + PA cap/order engine; Frostprey cap 4
Marksman,Late-game,Gizer,Energizer / Gizer,25,12.0,0.0,37.0,1.04,13.86060496048762,14.102362103344763,20.821273391021354,30.603110586382197,55.78892192499197,Exact Snipe/Strafe + PA cap/order engine; Frostprey cap 4
Marksman,Late-game,Stopper,Heartstopper,60,12.0,0.0,72.0,1.04,15.255380694354287,15.497137837211428,23.315458031750953,34.28134771589771,62.593057624902315,Exact Snipe/Strafe + PA cap/order engine; Frostprey cap 4
Marksman,Late-game,Apple,Onyx Apple,100,12.0,0.0,112.0,1.04,16.84941010448762,17.091167247344764,26.16595476401335,38.485047292486875,70.36921271051413,Exact Snipe/Strafe + PA cap/order engine; Frostprey cap 4
Marksman,Late-game,Gelt,Gelt Chocolate,120,12.0,0.0,132.0,1.04,17.646424809554286,17.888181952411433,27.589127048679252,40.583835430972194,74.2516267030827,Exact Snipe/Strafe + PA cap/order engine; Frostprey cap 4
Marksman,Late-game,Nari/VL,Naricain Elixir / VL Pot,140,12.0,0.0,152.0,1.04,18.44343951462095,18.685196657478098,28.735459720722506,42.27436119567775,77.37882223241672,Exact Snipe/Strafe + PA cap/order engine; Frostprey cap 4
Marksman,End-game,Gizer,Energizer / Gizer,25,12.0,0.0,37.0,1.04,14.729949829729525,14.97828554401524,22.383836669835702,32.904671676049695,60.024069806740364,Exact Snipe/Strafe + PA cap/order engine; Frostprey cap 4
Marksman,End-game,Stopper,Heartstopper,60,12.0,0.0,72.0,1.04,16.160772726262856,16.40910844054857,24.942482053093304,36.67797069179882,67.0040544122671,Exact Snipe/Strafe + PA cap/order engine; Frostprey cap 4
Marksman,End-game,Apple,Onyx Apple,100,12.0,0.0,112.0,1.04,17.79599889372952,18.04433460801524,27.84883943078091,40.964049374059016,74.93259733859891,Exact Snipe/Strafe + PA cap/order engine; Frostprey cap 4
Marksman,End-game,Gelt,Gelt Chocolate,120,12.0,0.0,132.0,1.04,18.613611977462853,18.861947691748572,28.93662688102827,42.568237020467755,77.90008150287369,Exact Snipe/Strafe + PA cap/order engine; Frostprey cap 4
Marksman,End-game,Nari/VL,Naricain Elixir / VL Pot,140,12.0,0.0,152.0,1.04,19.43122506119619,19.679560775481907,29.60809981502674,43.55847512752924,79.73185966682152,Exact Snipe/Strafe + PA cap/order engine; Frostprey cap 4
Paladin,Entry,Gizer,Energizer / Gizer,25,12.0,0.0,37.0,1.04,10.586225917957485,13.723342117605116,20.58501317640768,27.44668423521023,41.17002635281536,Exact cap-aware General Weak Blast/ACB engine
Paladin,Entry,Stopper,Heartstopper,60,12.0,0.0,72.0,1.04,12.358982048556385,16.02150945787392,24.03226418681088,32.04301891574784,48.06452837362176,Exact cap-aware General Weak Blast/ACB engine
Paladin,Entry,Apple,Onyx Apple,100,12.0,0.0,112.0,1.04,14.307981134410964,18.647986418181116,27.971979627271676,37.29597283636223,55.94395925454335,Exact cap-aware General Weak Blast/ACB engine
Paladin,Entry,Gelt,Gelt Chocolate,120,12.0,0.0,132.0,1.04,15.237618830625063,19.96122489833472,29.941837347502076,39.92244979666944,59.88367469500415,Exact cap-aware General Weak Blast/ACB engine
Paladin,Entry,Nari/VL,Naricain Elixir / VL Pot,140,12.0,0.0,152.0,1.04,16.055663856823866,21.274463378488317,31.91169506773247,42.548926756976634,63.82339013546494,Exact cap-aware General Weak Blast/ACB engine
Paladin,Advanced,Gizer,Energizer / Gizer,25,12.0,0.0,37.0,1.04,11.718336418392687,15.190941603277441,22.786412404916163,30.381883206554882,45.572824809832326,Exact cap-aware General Weak Blast/ACB engine
Paladin,Advanced,Stopper,Heartstopper,60,12.0,0.0,72.0,1.04,13.489609936248135,17.522884393254234,26.284326589881356,35.04576878650847,52.56865317976271,Exact cap-aware General Weak Blast/ACB engine
Paladin,Advanced,Apple,Onyx Apple,100,12.0,0.0,112.0,1.04,15.391276887257916,20.18796186751344,30.28194280127016,40.37592373502688,60.56388560254032,Exact cap-aware General Weak Blast/ACB engine
Paladin,Advanced,Gelt,Gelt Chocolate,120,12.0,0.0,132.0,1.04,16.19365895958932,21.520500604643036,32.280750906964556,43.04100120928607,64.56150181392911,Exact cap-aware General Weak Blast/ACB engine
Paladin,Advanced,Nari/VL,Naricain Elixir / VL Pot,140,12.0,0.0,152.0,1.04,16.850790933324546,22.85303934177264,34.27955901265895,45.70607868354528,68.5591180253179,Exact cap-aware General Weak Blast/ACB engine
Paladin,Late-game,Gizer,Energizer / Gizer,25,12.0,0.0,37.0,1.04,12.975379478170755,16.832007994576315,25.248011991864477,33.66401598915263,50.49602398372895,Exact cap-aware General Weak Blast/ACB engine
Paladin,Late-game,Stopper,Heartstopper,60,12.0,0.0,72.0,1.04,14.721738575321234,19.22680587998352,28.840208819975274,38.45361175996704,57.68041763995055,Exact cap-aware General Weak Blast/ACB engine
Paladin,Late-game,Apple,Onyx Apple,100,12.0,0.0,112.0,1.04,16.427661782506654,21.963717749020315,32.94557662353047,43.92743549804063,65.89115324706094,Exact cap-aware General Weak Blast/ACB engine
Paladin,Late-game,Gelt,Gelt Chocolate,120,12.0,0.0,132.0,1.04,17.05714430061227,23.332173683538716,34.99826052530807,46.66434736707743,69.99652105061614,Exact cap-aware General Weak Blast/ACB engine
Paladin,Late-game,Nari/VL,Naricain Elixir / VL Pot,140,12.0,0.0,152.0,1.04,17.566390550277557,24.682885427724003,37.024328141586004,49.365770855448005,74.04865628317201,Exact cap-aware General Weak Blast/ACB engine
Paladin,End-game,Gizer,Energizer / Gizer,25,12.0,0.0,37.0,1.04,14.503199924408483,18.921218347449596,28.38182752117439,37.84243669489919,56.76365504234878,Exact cap-aware General Weak Blast/ACB engine
Paladin,End-game,Stopper,Heartstopper,60,12.0,0.0,72.0,1.04,16.161335183498707,21.468305432683195,32.20245814902479,42.93661086536639,64.40491629804959,Exact cap-aware General Weak Blast/ACB engine
Paladin,End-game,Apple,Onyx Apple,100,12.0,0.0,112.0,1.04,17.449438945022887,24.368765840571413,36.55314876085712,48.737531681142826,73.10629752171424,Exact cap-aware General Weak Blast/ACB engine
Paladin,End-game,Gelt,Gelt Chocolate,120,12.0,0.0,132.0,1.04,17.903558283275746,25.771340780758003,38.657011171137015,51.542681561516005,77.31402234227403,Exact cap-aware General Weak Blast/ACB engine
Paladin,End-game,Nari/VL,Naricain Elixir / VL Pot,140,12.0,0.0,152.0,1.04,18.25806855479043,27.13565997636778,40.70348996455167,54.27131995273556,81.40697992910334,Exact cap-aware General Weak Blast/ACB engine
